Workbook

Sheet By Category
A1: PUBLIC FEEDBACK & DEFECT STATISTICS - Q3 2026
A2: Jul-Sep 2026
A4: Category | B4: Jul | C4: Aug | D4: Sep | E4: Q3 total
A5: Structural | B5: =COUNTIFS('Feedback Q3'!$F$2:$F$316,$A5,'Feedback Q3'!$B$2:$B$316,">="&DATE(2026,7,1),'Feedback Q3'!$B$2:$B$316,"<"&DATE(2026,8,1)) | C5: =COUNTIFS('Feedback Q3'!$F$2:$F$316,$A5,'Feedback Q3'!$B$2:$B$316,">="&DATE(2026,8,1),'Feedback Q3'!$B$2:$B$316,"<"&DATE(2026,9,1)) | D5: =COUNTIFS('Feedback Q3'!$F$2:$F$316,$A5,'Feedback Q3'!$B$2:$B$316,">="&DATE(2026,9,1),'Feedback Q3'!$B$2:$B$316,"<"&DATE(2026,10,1)) | E5: =SUM(B5:D5)
A6: Water Seepage / Leak | B6: =COUNTIFS('Feedback Q3'!$F$2:$F$316,$A6,'Feedback Q3'!$B$2:$B$316,">="&DATE(2026,7,1),'Feedback Q3'!$B$2:$B$316,"<"&DATE(2026,8,1)) | C6: =COUNTIFS('Feedback Q3'!$F$2:$F$316,$A6,'Feedback Q3'!$B$2:$B$316,">="&DATE(2026,8,1),'Feedback Q3'!$B$2:$B$316,"<"&DATE(2026,9,1)) | D6: =COUNTIFS('Feedback Q3'!$F$2:$F$316,$A6,'Feedback Q3'!$B$2:$B$316,">="&DATE(2026,9,1),'Feedback Q3'!$B$2:$B$316,"<"&DATE(2026,10,1)) | E6: =SUM(B6:D6)
A7: Plumbing & Sanitary | B7: =COUNTIFS('Feedback Q3'!$F$2:$F$316,$A7,'Feedback Q3'!$B$2:$B$316,">="&DATE(2026,7,1),'Feedback Q3'!$B$2:$B$316,"<"&DATE(2026,8,1)) | C7: =COUNTIFS('Feedback Q3'!$F$2:$F$316,$A7,'Feedback Q3'!$B$2:$B$316,">="&DATE(2026,8,1),'Feedback Q3'!$B$2:$B$316,"<"&DATE(2026,9,1)) | D7: =COUNTIFS('Feedback Q3'!$F$2:$F$316,$A7,'Feedback Q3'!$B$2:$B$316,">="&DATE(2026,9,1),'Feedback Q3'!$B$2:$B$316,"<"&DATE(2026,10,1)) | E7: =SUM(B7:D7)
A8: Electrical | B8: =COUNTIFS('Feedback Q3'!$F$2:$F$316,$A8,'Feedback Q3'!$B$2:$B$316,">="&DATE(2026,7,1),'Feedback Q3'!$B$2:$B$316,"<"&DATE(2026,8,1)) | C8: =COUNTIFS('Feedback Q3'!$F$2:$F$316,$A8,'Feedback Q3'!$B$2:$B$316,">="&DATE(2026,8,1),'Feedback Q3'!$B$2:$B$316,"<"&DATE(2026,9,1)) | D8: =COUNTIFS('Feedback Q3'!$F$2:$F$316,$A8,'Feedback Q3'!$B$2:$B$316,">="&DATE(2026,9,1),'Feedback Q3'!$B$2:$B$316,"<"&DATE(2026,10,1)) | E8: =SUM(B8:D8)
A9: Fire Safety | B9: =COUNTIFS('Feedback Q3'!$F$2:$F$316,$A9,'Feedback Q3'!$B$2:$B$316,">="&DATE(2026,7,1),'Feedback Q3'!$B$2:$B$316,"<"&DATE(2026,8,1)) | C9: =COUNTIFS('Feedback Q3'!$F$2:$F$316,$A9,'Feedback Q3'!$B$2:$B$316,">="&DATE(2026,8,1),'Feedback Q3'!$B$2:$B$316,"<"&DATE(2026,9,1)) | D9: =COUNTIFS('Feedback Q3'!$F$2:$F$316,$A9,'Feedback Q3'!$B$2:$B$316,">="&DATE(2026,9,1),'Feedback Q3'!$B$2:$B$316,"<"&DATE(2026,10,1)) | E9: =SUM(B9:D9)
A10: Pest | B10: =COUNTIFS('Feedback Q3'!$F$2:$F$316,$A10,'Feedback Q3'!$B$2:$B$316,">="&DATE(2026,7,1),'Feedback Q3'!$B$2:$B$316,"<"&DATE(2026,8,1)) | C10: =COUNTIFS('Feedback Q3'!$F$2:$F$316,$A10,'Feedback Q3'!$B$2:$B$316,">="&DATE(2026,8,1),'Feedback Q3'!$B$2:$B$316,"<"&DATE(2026,9,1)) | D10: =COUNTIFS('Feedback Q3'!$F$2:$F$316,$A10,'Feedback Q3'!$B$2:$B$316,">="&DATE(2026,9,1),'Feedback Q3'!$B$2:$B$316,"<"&DATE(2026,10,1)) | E10: =SUM(B10:D10)
A11: Hygiene (Tenant) | B11: =COUNTIFS('Feedback Q3'!$F$2:$F$316,$A11,'Feedback Q3'!$B$2:$B$316,">="&DATE(2026,7,1),'Feedback Q3'!$B$2:$B$316,"<"&DATE(2026,8,1)) | C11: =COUNTIFS('Feedback Q3'!$F$2:$F$316,$A11,'Feedback Q3'!$B$2:$B$316,">="&DATE(2026,8,1),'Feedback Q3'!$B$2:$B$316,"<"&DATE(2026,9,1)) | D11: =COUNTIFS('Feedback Q3'!$F$2:$F$316,$A11,'Feedback Q3'!$B$2:$B$316,">="&DATE(2026,9,1),'Feedback Q3'!$B$2:$B$316,"<"&DATE(2026,10,1)) | E11: =SUM(B11:D11)
A12: Obstruction / Encroachment | B12: =COUNTIFS('Feedback Q3'!$F$2:$F$316,$A12,'Feedback Q3'!$B$2:$B$316,">="&DATE(2026,7,1),'Feedback Q3'!$B$2:$B$316,"<"&DATE(2026,8,1)) | C12: =COUNTIFS('Feedback Q3'!$F$2:$F$316,$A12,'Feedback Q3'!$B$2:$B$316,">="&DATE(2026,8,1),'Feedback Q3'!$B$2:$B$316,"<"&DATE(2026,9,1)) | D12: =COUNTIFS('Feedback Q3'!$F$2:$F$316,$A12,'Feedback Q3'!$B$2:$B$316,">="&DATE(2026,9,1),'Feedback Q3'!$B$2:$B$316,"<"&DATE(2026,10,1)) | E12: =SUM(B12:D12)
A13: Noise / Nuisance | B13: =COUNTIFS('Feedback Q3'!$F$2:$F$316,$A13,'Feedback Q3'!$B$2:$B$316,">="&DATE(2026,7,1),'Feedback Q3'!$B$2:$B$316,"<"&DATE(2026,8,1)) | C13: =COUNTIFS('Feedback Q3'!$F$2:$F$316,$A13,'Feedback Q3'!$B$2:$B$316,">="&DATE(2026,8,1),'Feedback Q3'!$B$2:$B$316,"<"&DATE(2026,9,1)) | D13: =COUNTIFS('Feedback Q3'!$F$2:$F$316,$A13,'Feedback Q3'!$B$2:$B$316,">="&DATE(2026,9,1),'Feedback Q3'!$B$2:$B$316,"<"&DATE(2026,10,1)) | E13: =SUM(B13:D13)
A14: Common Area (Town Council) | B14: =COUNTIFS('Feedback Q3'!$F$2:$F$316,$A14,'Feedback Q3'!$B$2:$B$316,">="&DATE(2026,7,1),'Feedback Q3'!$B$2:$B$316,"<"&DATE(2026,8,1)) | C14: =COUNTIFS('Feedback Q3'!$F$2:$F$316,$A14,'Feedback Q3'!$B$2:$B$316,">="&DATE(2026,8,1),'Feedback Q3'!$B$2:$B$316,"<"&DATE(2026,9,1)) | D14: =COUNTIFS('Feedback Q3'!$F$2:$F$316,$A14,'Feedback Q3'!$B$2:$B$316,">="&DATE(2026,9,1),'Feedback Q3'!$B$2:$B$316,"<"&DATE(2026,10,1)) | E14: =SUM(B14:D14)
A15: General Enquiry / Non-defect | B15: =COUNTIFS('Feedback Q3'!$F$2:$F$316,$A15,'Feedback Q3'!$B$2:$B$316,">="&DATE(2026,7,1),'Feedback Q3'!$B$2:$B$316,"<"&DATE(2026,8,1)) | C15: =COUNTIFS('Feedback Q3'!$F$2:$F$316,$A15,'Feedback Q3'!$B$2:$B$316,">="&DATE(2026,8,1),'Feedback Q3'!$B$2:$B$316,"<"&DATE(2026,9,1)) | D15: =COUNTIFS('Feedback Q3'!$F$2:$F$316,$A15,'Feedback Q3'!$B$2:$B$316,">="&DATE(2026,9,1),'Feedback Q3'!$B$2:$B$316,"<"&DATE(2026,10,1)) | E15: =SUM(B15:D15)
A16: Total | B16: =SUM(B5:B15) | C16: =SUM(C5:C15) | D16: =SUM(D5:D15) | E16: =SUM(E5:E15)
A17: (Static count: 315 cases received in Q3)

Sheet Feedback Q3
A1: Feedback ID | B1: Received | C1: Channel | D1: Unit | E1: Category code | F1: Category | G1: Severity | H1: Team | I1: i-EMS ticket | J1: Status | K1: Description
A2: FB-2026-00573 | B2: 46204 | C2: Walk-in | D2: U-CD108-01-07 | E2: PLB | F2: Plumbing & Sanitary | G2: Medium | H2: M&E | I2: IEMS-2607-0006 | J2: Closed | K2: Floor trap at teh back of Suria Bookstore Pte Ltd choked, dirty water overflowing to common corridor Blk 108.
A3: FB-2026-00574 | B3: 46204 | C3: CityFix App | D3: U-BV266-01-04 | E3: PLB | F3: Plumbing & Sanitary | G3: Medium | H3: M&E | I3: IEMS-2607-0007 | J3: Closed | K3: Floor trap at the back of Ever Joy Education Hub choked, dirty water overflowing to common corridor Blk 266.
A4: FB-2026-00575 | B4: 46204 | C4: CityFix App | D4: U-RH491-01-01 | E4: PLB | F4: Plumbing & Sanitary | G4: Medium | H4: M&E | I4: IEMS-2607-0008 | J4: Closed | K4: Burst pipe near #01-01 Rimba Walk, water gushing out. Please send plumber asap.
A5: FB-2026-00576 | B5: 46204 | C5: Email | D5: U-RH484-01-05 | E5: CMN | F5: Common Area (Town Council) | G5: Low | H5: Town Council Liaison | J5: Closed | K5: Litter and stains along the 5-foot way at Rimba Walk Blk 484.
A6: FB-2026-00577 | B6: 46204 | C6: Walk-in | D6: U-CD181-01-07 | E6: HYG | F6: Hygiene (Tenant) | G6: Low | H6: Estate Compliance | J6: Closed | K6: New Life Hair Studio leaves rubbish bags outside the shop overnight, smelly and attracts flies. Blk 181.
A7: FB-2026-00578 | B7: 46204 | C7: CityFix App | D7: U-CD108-01-07 | E7: NOI | F7: Noise / Nuisance | G7: Low | H7: Estate Compliance | J7: Closed | K7: Delivery lorry unloading at 5am for Suria Bookstore Pte Ltd, very noisy.
A8: FB-2026-00579 | B8: 46205 | C8: Walk-in | D8: U-BV214-01-23 | E8: HYG | F8: Hygiene (Tenant) | G8: Medium | H8: Estate Compliance | J8: Closed | K8: SHOPFRONT OF #01-23 BLK 214 VERY DIRTY, OIL STAINS ON THE FLOOR.
A9: FB-2026-00580 | B9: 46205 | C9: MP Letter | D9: U-CD118-01-26 | E9: PLB | F9: Plumbing & Sanitary | G9: Medium | H9: M&E | I9: IEMS-2607-0009 | J9: Closed | K9: Burst pipe near #01-26 Cendana Road, water gushing out. Please send plumber asap.
A10: FB-2026-00581 | B10: 46205 | C10: Walk-in | D10: U-CD143-01-01 | E10: HYG | F10: Hygiene (Tenant) | G10: Low | H10: Estate Compliance | J10: Closed | K10: Shopfront of #01-01 Blk 143 very dirty, oil stains on teh floor.
A11: FB-2026-00582 | B11: 46206 | C11: Email | D11: U-CD189-01-04 | E11: PST | F11: Pest | G11: Low | H11: Pest Control | I11: IEMS-2607-0010 | J11: Closed | K11: Many rats running around the bin area behind Brilliant Eye Centre Pte Ltd, Blk 189.
A12: FB-2026-00583 | B12: 46206 | C12: CityFix App | D12: U-RH401-01-03 | E12: PST | F12: Pest | G12: Medium | H12: Pest Control | I12: IEMS-2607-0011 | J12: Closed | K12: Many rats running around the bin area behind Ananda Florist, Blk 401.
A13: FB-2026-00584 | B13: 46206 | C13: CityFix App | D13: U-BV290-01-11 | E13: HYG | F13: Hygiene (Tenant) | G13: Low | H13: Estate Compliance | J13: Closed | K13: STRONG GREASE SMELL FROM BAYU STORE PTE LTD KITCHEN EXHAUST, RESIDENTS ABOVE COMPLAINING.
A14: FB-2026-00585 | B14: 46206 | C14: Email | D14: U-ST589-01-02 | E14: CMN | F14: Common Area (Town Council) | G14: Low | H14: Town Council Liaison | J14: Closed | K14: LIFT LOBBY LIGHTS NEAR THE SHOPS AT BLK 589 FAULTY.
A15: FB-2026-00586 | B15: 46206 | C15: Walk-in | D15: U-CD185-01-07 | E15: ELE | F15: Electrical | G15: Medium | H15: M&E | I15: IEMS-2607-0012 | J15: Closed | K15: Power keeps tripping for the row of shops at Blk 185 incl Tian Fu Clinic & Surgery. Fridges affected, food spoiling.
A16: FB-2026-00587 | B16: 46206 | C16: CityFix App | D16: U-KR305-02-19 | E16: HYG | F16: Hygiene (Tenant) | G16: Low | H16: Estate Compliance | J16: Closed | K16: Strong grease smell from Pinnacle Clinic & Surgery kitchen exhaust, residents above complaining.
A17: FB-2026-00588 | B17: 46207 | C17: MP Letter | D17: U-CD118-01-26 | E17: PST | F17: Pest | G17: Medium | H17: Pest Control | I17: IEMS-2607-0013 | J17: Closed | K17: Something wrong with Lotus Family Clinic Pte Ltd at Blk 118, water and smell all over the back lane. Please look into it.
A18: FB-2026-00589 | B18: 46207 | C18: CityFix App | D18: U-ST507-02-04 | E18: PST | F18: Pest | G18: Medium | H18: Pest Control | I18: IEMS-2607-0014 | J18: Closed | K18: Termites found eating the door frame of Evergreen Tuition Centre Pte Ltd (#02-04).
A19: FB-2026-00590 | B19: 46207 | C19: CityFix App | D19: U-PI627-01-33 | E19: NOI | F19: Noise / Nuisance | G19: High | H19: Estate Compliance | J19: Closed | K19: Cosy Minimart Pte Ltd at Blk 627 operating till 2am with loud music. Residents cannot sleep.
A20: FB-2026-00591 | B20: 46207 | C20: MP Letter | D20: U-ST545-01-07 | E20: PLB | F20: Plumbing & Sanitary | G20: Medium | H20: M&E | I20: IEMS-2607-0015 | J20: Closed | K20: Toilet at rear of Blk 545 shops (near #01-07) cannot flush, pipe leaking.
A21: FB-2026-00592 | B21: 46207 | C21: Hotline | D21: U-KR368-01-09 | E21: PLB | F21: Plumbing & Sanitary | G21: Medium | H21: M&E | J21: Closed | K21: Something wrong with Pinnacle Provision Shop at Blk 368, water and smell all over the back lane. Please look into it.
A22: FB-2026-00593 | B22: 46208 | C22: Walk-in | D22: U-PI614-01-05 | E22: SEP | F22: Water Seepage / Leak | G22: Medium | H22: Civil & Structural | I22: IEMS-2607-0016 | J22: Closed | K22: Water seepage from the wall between #01-05 and next unit at Blk 614. Wall paint peeling, smells musty.
A23: FB-2026-00594 | B23: 46208 | C23: MP Letter | D23: U-BV204-01-07 | E23: STR | F23: Structural | G23: High | H23: Civil & Structural | I23: IEMS-2607-0017 | J23: Closed | K23: THERE IS A LONG CRACK ON THE COLUMN BESIDE #01-07 BLK 204. GETTING BIGGER OVER THE PAST MONTH. PLEASE CHECK IF STRUCTURE IS SAFE.
A24: FB-2026-00595 | B24: 46208 | C24: CityFix App | D24: U-CD105-01-03 | E24: PLB | F24: Plumbing & Sanitary | G24: Medium | H24: M&E | J24: Closed | K24: Something wrong with Hock Lee Laundry at Blk 105, water and smell all over the back lane. Please look into it.
A25: FB-2026-00596 | B25: 46209 | C25: CityFix App | D25: U-CD142-01-05 | E25: NOI | F25: Noise / Nuisance | G25: Low | H25: Estate Compliance | J25: Closed | K25: Karaoke noise from #01-05 Cendana Street 11 every night.
A26: FB-2026-00597 | B26: 46209 | C26: Hotline | D26: U-PI609-01-03 | E26: HYG | F26: Hygiene (Tenant) | G26: Low | H26: Estate Compliance | J26: Closed | K26: Shopfront of #01-03 Blk 609 very dirty, oil stains on the floor.
A27: FB-2026-00598 | B27: 46209 | C27: CityFix App | D27: U-KR318-02-10 | E27: PST | F27: Pest | G27: Medium | H27: Pest Control | J27: Closed | K27: Lim's Clinic & Surgery Pte Ltd renovation very noisy and dust everywhere, also something cracked on the wall??
A28: FB-2026-00599 | B28: 46209 | C28: Walk-in | D28: U-KR330-01-07 | E28: SEP | F28: Water Seepage / Leak | G28: Medium | H28: Civil & Structural | I28: IEMS-2607-0018 | J28: Closed | K28: Roof slab above Blk 330 #01-07 leaking into shop. Have reported twice before!!
A29: FB-2026-00600 | B29: 46209 | C29: Hotline | D29: U-KR335-01-10 | E29: STR | F29: Structural | G29: High | H29: Civil & Structural | I29: IEMS-2607-0019 | J29: Closed | K29: There is a long crack on the column beside #01-10 Blk 335. Getting bigger over the past month. Please check if structure is safe.
A30: FB-2026-00601 | B30: 46210 | C30: Hotline | D30: U-PI634-01-08 | E30: HYG | F30: Hygiene (Tenant) | G30: Low | H30: Estate Compliance | J30: Closed | K30: Prima Flowers & Gifts leaves rubbish bags outside the shop overnight, smelly and attracts flies. Blk 634.
A31: FB-2026-00602 | B31: 46210 | C31: Hotline | D31: U-KR345-01-11 | E31: SEP | F31: Water Seepage / Leak | G31: Medium | H31: Civil & Structural | J31: Closed | K31: Ceiling near Lakshmi Trading Pte Ltd wet and lights flickering, scared got short circuit.
A32: FB-2026-00603 | B32: 46211 | C32: Hotline | D32: U-RH471-01-01 | E32: ELE | F32: Electrical | G32: High | H32: M&E | I32: IEMS-2607-0020 | J32: Closed | K32: Corridor lights in front of Kumar Eye Centre Pte Ltd not working for a week, very dark at night, unsafe.
A33: FB-2026-00604 | B33: 46211 | C33: MP Letter | D33: U-CD152-01-10 | E33: ELE | F33: Electrical | G33: Low | H33: M&E | I33: IEMS-2607-0021 | J33: Closed | K33: Power keeps tripping for the row of shops at Blk 152 incl Ong & Sons Aquarium & Pets Pte Ltd. Fridges affected, food spoiling.
A34: FB-2026-00605 | B34: 46211 | C34: Walk-in | D34: U-PI627-01-10 | E34: PLB | F34: Plumbing & Sanitary | G34: Low | H34: M&E | I34: IEMS-2607-0022 | J34: Closed | K34: BURST PIPE NEAR #01-10 PASIR INDAH STREET 62, WATER GUSHING OUT. PLEASE SEND PLUMBER ASAP.
A35: FB-2026-00606 | B35: 46211 | C35: MP Letter | D35: U-PI657-02-01 | E35: ENC | F35: Obstruction / Encroachment | G35: Low | H35: Estate Compliance | J35: Closed | K35: Racks of Old Town Consultancy (#02-01) placed beyond the yellow line, blocking pedestrians.
A36: FB-2026-00607 | B36: 46212 | C36: CityFix App | D36: U-RH466-01-07 | E36: ENC | F36: Obstruction / Encroachment | G36: Low | H36: Estate Compliance | J36: Closed | K36: Racks of Smart Kids Bakery (#01-07) placed beyond the yellow line, blocking pedestrians.
A37: FB-2026-00608 | B37: 46213 | C37: CityFix App | D37: U-ST513-01-08 | E37: ENC | F37: Obstruction / Encroachment | G37: Low | H37: Estate Compliance | J37: Closed | K37: Racks of Kian Huat Medical Hall Pte Ltd (#01-08) placed beyond the yellow line, blocking pedestrians.
A38: FB-2026-00609 | B38: 46214 | C38: CityFix App | D38: U-RH466-01-03 | E38: HYG | F38: Hygiene (Tenant) | G38: Low | H38: Estate Compliance | J38: Closed | K38: Hock Lee Fruits Pte Ltd leaves rubbish bags outside the shop overnight, smelly and attracts flies. Blk 466.
A39: FB-2026-00610 | B39: 46214 | C39: Hotline | D39: U-KR330-01-01 | E39: PST | F39: Pest | G39: Medium | H39: Pest Control | I39: IEMS-2607-0023 | J39: Closed | K39: Many rats running around the bin area behind Rainbow Remittance Pte Ltd, Blk 330.
A40: FB-2026-00611 | B40: 46214 | C40: Hotline | D40: U-BV214-01-25 | E40: NOI | F40: Noise / Nuisance | G40: Low | H40: Estate Compliance | J40: Closed | K40: Delivery lorry unloading at 5am for Thye Hin Florist Pte Ltd, very noisy.
A41: FB-2026-00612 | B41: 46215 | C41: Email | D41: U-CD118-01-12 | E41: ELE | F41: Electrical | G41: High | H41: M&E | I41: IEMS-2607-0024 | J41: Closed | K41: Ceiling near Everbright Bookstore wet and lights flickering, scared got short circuit.
A42: FB-2026-00613 | B42: 46215 | C42: CityFix App | D42: U-KR305-01-22 | E42: NOI | F42: Noise / Nuisance | G42: Low | H42: Estate Compliance | J42: Closed | K42: KARAOKE NOISE FROM #01-22 KEBUN RAYA AVENUE 3 EVERY NIGHT.
A43: FB-2026-00614 | B43: 46215 | C43: Email | D43: U-ST583-01-02 | E43: FIR | F43: Fire Safety | G43: Critical | H43: Estate Compliance | I43: IEMS-2607-0025 | J43: Closed | K43: The area near #01-02 Sungai Tinggi Street 52 is in bad condition. Lights, dirt, everything. Fix pls.
A44: FB-2026-00615 | B44: 46215 | C44: CityFix App | D44: U-CD165-01-07 | E44: SEP | F44: Water Seepage / Leak | G44: Medium | H44: Civil & Structural | I44: IEMS-2607-0026 | J44: Closed | K44: Water seepage from the wall between #01-07 and next unit at Blk 165. Wall paint peeling, smells musty.
A45: FB-2026-00616 | B45: 46215 | C45: Hotline | D45: U-RH491-01-12 | E45: PST | F45: Pest | G45: Medium | H45: Pest Control | I45: IEMS-2607-0027 | J45: Closed | K45: MANY RATS RUNNING AROUND THE BIN AREA BEHIND ANANDA BEAUTY & HAIR PTE LTD, BLK 491.
A46: FB-2026-00617 | B46: 46216 | C46: Email | D46: U-ST590-01-10 | E46: CMN | F46: Common Area (Town Council) | G46: Low | H46: Town Council Liaison | J46: Closed | K46: Lift lobby lights near the shops at Blk 590 faulty.
A47: FB-2026-00618 | B47: 46216 | C47: Email | D47: U-PI609-01-06 | E47: SEP | F47: Water Seepage / Leak | G47: Medium | H47: Civil & Structural | I47: IEMS-2607-0028 | J47: Closed | K47: Water seepage from the wall between #01-06 and next unit at Blk 609. Wall paint peeling, smells musty.
A48: FB-2026-00619 | B48: 46216 | C48: CityFix App | D48: U-CD109-01-05 | E48: NOI | F48: Noise / Nuisance | G48: Low | H48: Estate Compliance | J48: Closed | K48: Delivery lorry unloading at 5am for Cosy Education Hub, very noisy.
A49: FB-2026-00620 | B49: 46217 | C49: Hotline | D49: U-PI627-01-24 | E49: SEP | F49: Water Seepage / Leak | G49: Medium | H49: Civil & Structural | I49: IEMS-2607-0029 | J49: Closed | K49: Water seepage from the wall between #01-24 and next unit at Blk 627. Wall paint peeling, smells musty.
A50: FB-2026-00621 | B50: 46218 | C50: Walk-in | D50: U-CD108-01-06 | E50: HYG | F50: Hygiene (Tenant) | G50: Medium | H50: Estate Compliance | J50: Closed | K50: Shopfront of #01-06 Blk 108 very dirty, oil stains on the floor.
A51: FB-2026-00622 | B51: 46218 | C51: MP Letter | D51: U-ST501-01-08 | E51: OTH | F51: General Enquiry / Non-defect | G51: Low | H51: Customer Relations | J51: Closed | K51: Would like to compliment the staff of Soon Hin Optical for being helpful.
A52: FB-2026-00623 | B52: 46219 | C52: Hotline | D52: U-KR353-01-09 | E52: CMN | F52: Common Area (Town Council) | G52: Low | H52: Town Council Liaison | J52: Closed | K52: Lift lobby lights near the shops at Blk 353 faulty.
A53: FB-2026-00624 | B53: 46219 | C53: Walk-in | D53: U-PI634-02-03 | E53: HYG | F53: Hygiene (Tenant) | G53: Low | H53: Estate Compliance | J53: Closed | K53: Strong grease smell from Smart Kids Medical Clinic kitchen exhaust, residents above complaining.
A54: FB-2026-00625 | B54: 46219 | C54: Hotline | D54: U-CD109-01-09 | E54: PLB | F54: Plumbing & Sanitary | G54: Medium | H54: M&E | I54: IEMS-2607-0030 | J54: Closed | K54: Floor trap at the back of Fortune Dental Care choked, dirty water overflowing to common corridor Blk 109.
A55: FB-2026-00626 | B55: 46219 | C55: CityFix App | D55: U-KR335-01-12 | E55: SEP | F55: Water Seepage / Leak | G55: Medium | H55: Civil & Structural | I55: IEMS-2607-0031 | J55: Closed | K55: Water seepage from the wall between #01-12 and next unit at Blk 335. Wall paint peeling, smells musty.
A56: FB-2026-00627 | B56: 46220 | C56: Walk-in | D56: U-PI684-01-03 | E56: SEP | F56: Water Seepage / Leak | G56: Medium | H56: Civil & Structural | I56: IEMS-2607-0032 | J56: Closed | K56: Ceiling leaking inside Hup Seng Clinic & Surgery (#01-03) whenever it rains. Water stains and some stock damaged.
A57: FB-2026-00628 | B57: 46220 | C57: Email | D57: U-KR379-01-07 | E57: STR | F57: Structural | G57: High | H57: Civil & Structural | J57: Closed | K57: Ceiling near Golden Leaf Hardware & Electrical Pte Ltd wet and lights flickering, scared got short circuit.
A58: FB-2026-00629 | B58: 46220 | C58: Email | D58: U-PI693-01-03 | E58: PST | F58: Pest | G58: Medium | H58: Pest Control | J58: Closed | K58: Ceiling near Kumar Telecom wet and lights flickering, scared got short circuit.
A59: FB-2026-00630 | B59: 46220 | C59: Walk-in | D59: U-CD135-01-07 | E59: ENC | F59: Obstruction / Encroachment | G59: Low | H59: Estate Compliance | J59: Closed | K59: Tables and chairs of Hometown Minimart occupying the corridor, Jalan Cendana Indah.
A60: FB-2026-00631 | B60: 46222 | C60: Walk-in | D60: U-RH425-01-06 | E60: HYG | F60: Hygiene (Tenant) | G60: Low | H60: Estate Compliance | J60: Closed | K60: Shopfront of #01-06 Blk 425 very dirty, oil stains on the floor.
A61: FB-2026-00632 | B61: 46222 | C61: Walk-in | D61: U-PI615-01-12 | E61: NOI | F61: Noise / Nuisance | G61: Low | H61: Estate Compliance | J61: Closed | K61: Hassan Mart at Blk 615 operating till 2am with loud music. Residents cannot sleep.
A62: FB-2026-00633 | B62: 46223 | C62: Hotline | D62: U-BV290-01-07 | E62: CMN | F62: Common Area (Town Council) | G62: Low | H62: Town Council Liaison | J62: Closed | K62: LITTER AND STAINS ALONG THE 5-FOOT WAY AT BAYSHORE VALE DRIVE BLK 290.
A63: FB-2026-00634 | B63: 46223 | C63: Email | D63: U-RH450-01-04 | E63: ENC | F63: Obstruction / Encroachment | G63: Low | H63: Estate Compliance | J63: Closed | K63: Racks of Bloom Flowers & Gifts Pte Ltd (#01-04) placed beyond the yellow line, blocking pedestrians.
A64: FB-2026-00635 | B64: 46223 | C64: MP Letter | D64: U-ST566-01-08 | E64: SEP | F64: Water Seepage / Leak | G64: Medium | H64: Civil & Structural | I64: IEMS-2607-0033 | J64: Closed | K64: Ceiling leaking inside Thye Hin Pharmacy Pte Ltd (#01-08) whenever it rains. Water stains and some stock damaged.
A65: FB-2026-00636 | B65: 46224 | C65: Hotline | D65: U-CD142-01-01 | E65: PLB | F65: Plumbing & Sanitary | G65: Medium | H65: M&E | I65: IEMS-2607-0034 | J65: Closed | K65: Toilet at rear of Blk 142 shops (near #01-01) cannot flush, pipe leaking.
A66: FB-2026-00637 | B66: 46224 | C66: Hotline | D66: U-BV237-01-07 | E66: ELE | F66: Electrical | G66: Medium | H66: M&E | I66: IEMS-2607-0035 | J66: Closed | K66: Corridor lights in front of Ever Joy Supermarket Pte Ltd not working for a week, very dark at night, unsafe.
A67: FB-2026-00638 | B67: 46224 | C67: Email | D67: U-CD185-02-04 | E67: PLB | F67: Plumbing & Sanitary | G67: Medium | H67: M&E | I67: IEMS-2607-0036 | J67: Closed | K67: Toilet at rear of Blk 185 shops (near #02-04) cannot flush, pipe leaking.
A68: FB-2026-00639 | B68: 46225 | C68: CityFix App | D68: U-KR358-01-03 | E68: CMN | F68: Common Area (Town Council) | G68: Medium | H68: Town Council Liaison | J68: Closed | K68: Litter and stains along the 5-foot way at Kebun Raya Avenue 3 Blk 358.
A69: FB-2026-00640 | B69: 46226 | C69: Hotline | D69: U-ST564-01-14 | E69: HYG | F69: Hygiene (Tenant) | G69: Low | H69: Estate Compliance | J69: Closed | K69: Shopfront of #01-14 Blk 564 very dirty, oil stains on the floor.
A70: FB-2026-00641 | B70: 46227 | C70: Email | D70: U-PI627-01-09 | E70: NOI | F70: Noise / Nuisance | G70: Low | H70: Estate Compliance | J70: Closed | K70: PrimeValue Mart Pte Ltd at Blk 627 operating till 2am with loud music. Residents cannot sleep.
A71: FB-2026-00642 | B71: 46227 | C71: Walk-in | D71: U-CD160-01-13 | E71: CMN | F71: Common Area (Town Council) | G71: Low | H71: Town Council Liaison | J71: Closed | K71: Litter and stains along the 5-foot way at Jalan Cendana Indah Blk 160.
A72: FB-2026-00643 | B72: 46227 | C72: CityFix App | D72: U-ST583-01-07 | E72: OTH | F72: General Enquiry / Non-defect | G72: Low | H72: Customer Relations | J72: Closed | K72: How do I apply to rent a shop at Blk 583 Sungai Tinggi Street 52? Saw a unit vacant.
A73: FB-2026-00644 | B73: 46227 | C73: Walk-in | D73: U-KR335-01-10 | E73: OTH | F73: General Enquiry / Non-defect | G73: Low | H73: Customer Relations | J73: Closed | K73: How do I apply to rent a shop at Blk 335 Kebun Raya Street 31? Saw a unit vacant.
A74: FB-2026-00645 | B74: 46227 | C74: Hotline | D74: U-PI670-01-01 | E74: HYG | F74: Hygiene (Tenant) | G74: Low | H74: Estate Compliance | J74: Closed | K74: Shopfront of #01-01 Blk 670 very dirty, oil stains on the floor.
A75: FB-2026-00646 | B75: 46227 | C75: Email | D75: U-ST589-01-05 | E75: HYG | F75: Hygiene (Tenant) | G75: Low | H75: Estate Compliance | J75: Closed | K75: Shopfront of #01-05 Blk 589 very dirty, oil stains on the floor.
A76: FB-2026-00647 | B76: 46228 | C76: Hotline | D76: U-ST593-01-06 | E76: PST | F76: Pest | G76: Medium | H76: Pest Control | I76: IEMS-2607-0037 | J76: Closed | K76: Many rats running around the bin area behind Tan Brothers Medical Supplies, Blk 593.
A77: FB-2026-00648 | B77: 46228 | C77: CityFix App | D77: U-CD131-01-11 | E77: SEP | F77: Water Seepage / Leak | G77: Low | H77: Civil & Structural | I77: IEMS-2607-0038 | J77: Closed | K77: Roof slab above Blk 131 #01-11 leaking into shop. Have reported twice before!!
A78: FB-2026-00649 | B78: 46228 | C78: Email | D78: U-BV214-01-22 | E78: CMN | F78: Common Area (Town Council) | G78: Low | H78: Town Council Liaison | J78: Closed | K78: Ceiling near Brilliant Mart wet and lights flickering, scared got short circuit.
A79: FB-2026-00650 | B79: 46229 | C79: Email | D79: U-PI626-01-02 | E79: STR | F79: Structural | G79: High | H79: Civil & Structural | J79: Closed | K79: Something wrong with Seri Murni Mobile Pte Ltd at Blk 626, water and smell all over the back lane. Please look into it.
A80: FB-2026-00651 | B80: 46229 | C80: Email | D80: U-ST593-01-06 | E80: CMN | F80: Common Area (Town Council) | G80: Low | H80: Town Council Liaison | J80: Closed | K80: Tan Brothers Medical Supplies renovation very noisy and dust everywhere, also something cracked on the wall??
A81: FB-2026-00652 | B81: 46229 | C81: MP Letter | D81: U-CD118-01-20 | E81: HYG | F81: Hygiene (Tenant) | G81: Low | H81: Estate Compliance | J81: Closed | K81: Golden Leaf Medical Hall leaves rubbish bags outside the shop overnight, smelly and attracts flies. Blk 118.
A82: FB-2026-00653 | B82: 46229 | C82: Walk-in | D82: U-KR385-01-11 | E82: FIR | F82: Fire Safety | G82: Critical | H82: Estate Compliance | I82: IEMS-2607-0039 | J82: Closed | K82: Smell of burning and smoke from Nur Kueh Corner #01-11, Blk 385. Fire engine came.
A83: FB-2026-00654 | B83: 46229 | C83: Email | D83: U-PI614-01-02 | E83: PLB | F83: Plumbing & Sanitary | G83: Medium | H83: M&E | I83: IEMS-2607-0040 | J83: Closed | K83: TOILET AT REAR OF BLK 614 SHOPS (NEAR #01-02) CANNOT FLUSH, PIPE LEAKING.
A84: FB-2026-00655 | B84: 46230 | C84: Email | D84: U-ST566-01-05 | E84: ELE | F84: Electrical | G84: High | H84: M&E | I84: IEMS-2607-0041 | J84: Closed | K84: Exposed wiring hanging from ceiling outside #01-05 Blk 566 Sungai Tinggi Street 52. Children walk past here.
A85: FB-2026-00656 | B85: 46230 | C85: CityFix App | D85: U-BV277-01-07 | E85: OTH | F85: General Enquiry / Non-defect | G85: Low | H85: Customer Relations | J85: Closed | K85: Would like to compliment the staff of Little Sprouts Mart for being helpful.
A86: FB-2026-00657 | B86: 46230 | C86: Hotline | D86: U-KR369-01-06 | E86: SEP | F86: Water Seepage / Leak | G86: Medium | H86: Civil & Structural | I86: IEMS-2607-0042 | J86: Closed | K86: Ceiling leaking inside Daily Fresh Laundry (#01-06) whenever it rains. Water stains and some stock damaged.
A87: FB-2026-00658 | B87: 46230 | C87: MP Letter | D87: U-CD142-01-09 | E87: SEP | F87: Water Seepage / Leak | G87: Medium | H87: Civil & Structural | I87: IEMS-2607-0043 | J87: Closed | K87: Water seepage from the wall between #01-09 and next unit at Blk 142. Wall paint peeling, smells musty.
A88: FB-2026-00659 | B88: 46230 | C88: Email | D88: U-PI627-01-14 | E88: SEP | F88: Water Seepage / Leak | G88: Medium | H88: Civil & Structural | I88: IEMS-2607-0044 | J88: Closed | K88: Ceiling leaking inside Brilliant Bubble Tea Pte Ltd (#01-14) whenever it rains. Water stains and some stock damaged.
A89: FB-2026-00660 | B89: 46230 | C89: Hotline | D89: U-RH407-01-01 | E89: HYG | F89: Hygiene (Tenant) | G89: Low | H89: Estate Compliance | J89: Closed | K89: Shopfront of #01-01 Blk 407 very dirty, oil stains on the floor.
A90: FB-2026-00661 | B90: 46230 | C90: CityFix App | D90: U-PI693-01-07 | E90: SEP | F90: Water Seepage / Leak | G90: Medium | H90: Civil & Structural | I90: IEMS-2607-0045 | J90: Closed | K90: Ceiling leaking inside Wong's Bubble Tea Pte Ltd (#01-07) whenever it rains. Water stains and some stock damaged.
A91: FB-2026-00662 | B91: 46231 | C91: Walk-in | D91: U-BV297-01-04 | E91: OTH | F91: General Enquiry / Non-defect | G91: Low | H91: Customer Relations | J91: Closed | K91: When is the next tender for shops in this estate? Interested in Bayshore Vale Drive.
A92: FB-2026-00663 | B92: 46231 | C92: CityFix App | D92: U-BV271-01-04 | E92: SEP | F92: Water Seepage / Leak | G92: Medium | H92: Civil & Structural | I92: IEMS-2607-0046 | J92: Closed | K92: Roof slab above Blk 271 #01-04 leaking into shop. Have reported twice before!!
A93: FB-2026-00664 | B93: 46231 | C93: MP Letter | D93: U-CD120-01-08 | E93: ELE | F93: Electrical | G93: High | H93: M&E | I93: IEMS-2607-0047 | J93: Closed | K93: Corridor lights in front of Little Sprouts Clinic & Surgery not working for a week, very dark at night, unsafe.
A94: FB-2026-00665 | B94: 46231 | C94: Email | D94: U-RH456-01-01 | E94: PLB | F94: Plumbing & Sanitary | G94: Medium | H94: M&E | J94: Closed | K94: The area near #01-01 Rimba Walk is in bad condition. Lights, dirt, everything. Fix pls.
A95: FB-2026-00666 | B95: 46231 | C95: MP Letter | D95: U-RH428-01-02 | E95: OTH | F95: General Enquiry / Non-defect | G95: Low | H95: Customer Relations | J95: Closed | K95: WHEN IS THE NEXT TENDER FOR SHOPS IN THIS ESTATE? INTERESTED IN RIMBA WALK.
A96: FB-2026-00667 | B96: 46231 | C96: Hotline | D96: U-KR358-01-01 | E96: FIR | F96: Fire Safety | G96: Critical | H96: Estate Compliance | I96: IEMS-2607-0048 | J96: Closed | K96: Fire exit at rear of Blk 358 near #01-01 blocked by boxes from Tian Fu Hair Salon.
A97: FB-2026-00668 | B97: 46232 | C97: MP Letter | D97: U-CD190-01-06 | E97: NOI | F97: Noise / Nuisance | G97: Low | H97: Estate Compliance | J97: Closed | K97: Delivery lorry unloading at 5am for Soon Hin Bookstore, very noisy.
A98: FB-2026-00669 | B98: 46232 | C98: CityFix App | D98: U-KR305-01-16 | E98: ELE | F98: Electrical | G98: High | H98: M&E | I98: IEMS-2607-0049 | J98: Closed | K98: Corridor lights in front of Kim Hiap Telecom not working for a week, very dark at night, unsafe.
A99: FB-2026-00670 | B99: 46234 | C99: Hotline | D99: U-BV233-01-02 | E99: OTH | F99: General Enquiry / Non-defect | G99: Low | H99: Customer Relations | J99: Closed | K99: Would like to compliment teh staff of Old Town Minimart for being helpful.
A100: FB-2026-00671 | B100: 46234 | C100: Walk-in | D100: U-CD129-01-07 | E100: PST | F100: Pest | G100: Medium | H100: Pest Control | I100: IEMS-2607-0050 | J100: Closed | K100: Cockroach infestation along the drains in front of #01-07 Cendana Street 11.
...

Sheet i-EMS SLA
A1: Team | B1: Tickets raised | C1: Closed | D1: SLA met | E1: SLA % | F1: Misrouted
A2: Civil & Structural | B2: 61 | C2: 54 | D2: 40 | E2: =IF(C2=0,"",D2/C2) | F2: 3
A3: Estate Compliance | B3: 8 | C3: 7 | D3: 7 | E3: =IF(C3=0,"",D3/C3) | F3: 0
A4: M&E | B4: 63 | C4: 57 | D4: 34 | E4: =IF(C4=0,"",D4/C4) | F4: 2
A5: Pest Control | B5: 32 | C5: 25 | D5: 19 | E5: =IF(C5=0,"",D5/C5) | F5: 0
