Workbook

Sheet Summary
A1: INSPECTION TRACKER 2026
A2: Counts by month and outcome (formulas on Tracker sheet)
A4: Month | B4: Compliant | C4: Minor Breach | D4: Major Breach | E4: Total
A5: 46023 | B5: =COUNTIFS(Tracker!$B$2:$B$1866,">="&$A5,Tracker!$B$2:$B$1866,"<"&EDATE($A5,1),Tracker!$H$2:$H$1866,"Compliant") | C5: =COUNTIFS(Tracker!$B$2:$B$1866,">="&$A5,Tracker!$B$2:$B$1866,"<"&EDATE($A5,1),Tracker!$H$2:$H$1866,"Minor Breach") | D5: =COUNTIFS(Tracker!$B$2:$B$1866,">="&$A5,Tracker!$B$2:$B$1866,"<"&EDATE($A5,1),Tracker!$H$2:$H$1866,"Major Breach") | E5: =SUM(B5:D5)
A6: 46054 | B6: =COUNTIFS(Tracker!$B$2:$B$1866,">="&$A6,Tracker!$B$2:$B$1866,"<"&EDATE($A6,1),Tracker!$H$2:$H$1866,"Compliant") | C6: =COUNTIFS(Tracker!$B$2:$B$1866,">="&$A6,Tracker!$B$2:$B$1866,"<"&EDATE($A6,1),Tracker!$H$2:$H$1866,"Minor Breach") | D6: =COUNTIFS(Tracker!$B$2:$B$1866,">="&$A6,Tracker!$B$2:$B$1866,"<"&EDATE($A6,1),Tracker!$H$2:$H$1866,"Major Breach") | E6: =SUM(B6:D6)
A7: 46082 | B7: =COUNTIFS(Tracker!$B$2:$B$1866,">="&$A7,Tracker!$B$2:$B$1866,"<"&EDATE($A7,1),Tracker!$H$2:$H$1866,"Compliant") | C7: =COUNTIFS(Tracker!$B$2:$B$1866,">="&$A7,Tracker!$B$2:$B$1866,"<"&EDATE($A7,1),Tracker!$H$2:$H$1866,"Minor Breach") | D7: =COUNTIFS(Tracker!$B$2:$B$1866,">="&$A7,Tracker!$B$2:$B$1866,"<"&EDATE($A7,1),Tracker!$H$2:$H$1866,"Major Breach") | E7: =SUM(B7:D7)
A8: 46113 | B8: =COUNTIFS(Tracker!$B$2:$B$1866,">="&$A8,Tracker!$B$2:$B$1866,"<"&EDATE($A8,1),Tracker!$H$2:$H$1866,"Compliant") | C8: =COUNTIFS(Tracker!$B$2:$B$1866,">="&$A8,Tracker!$B$2:$B$1866,"<"&EDATE($A8,1),Tracker!$H$2:$H$1866,"Minor Breach") | D8: =COUNTIFS(Tracker!$B$2:$B$1866,">="&$A8,Tracker!$B$2:$B$1866,"<"&EDATE($A8,1),Tracker!$H$2:$H$1866,"Major Breach") | E8: =SUM(B8:D8)
A9: 46143 | B9: =COUNTIFS(Tracker!$B$2:$B$1866,">="&$A9,Tracker!$B$2:$B$1866,"<"&EDATE($A9,1),Tracker!$H$2:$H$1866,"Compliant") | C9: =COUNTIFS(Tracker!$B$2:$B$1866,">="&$A9,Tracker!$B$2:$B$1866,"<"&EDATE($A9,1),Tracker!$H$2:$H$1866,"Minor Breach") | D9: =COUNTIFS(Tracker!$B$2:$B$1866,">="&$A9,Tracker!$B$2:$B$1866,"<"&EDATE($A9,1),Tracker!$H$2:$H$1866,"Major Breach") | E9: =SUM(B9:D9)
A10: 46174 | B10: =COUNTIFS(Tracker!$B$2:$B$1866,">="&$A10,Tracker!$B$2:$B$1866,"<"&EDATE($A10,1),Tracker!$H$2:$H$1866,"Compliant") | C10: =COUNTIFS(Tracker!$B$2:$B$1866,">="&$A10,Tracker!$B$2:$B$1866,"<"&EDATE($A10,1),Tracker!$H$2:$H$1866,"Minor Breach") | D10: =COUNTIFS(Tracker!$B$2:$B$1866,">="&$A10,Tracker!$B$2:$B$1866,"<"&EDATE($A10,1),Tracker!$H$2:$H$1866,"Major Breach") | E10: =SUM(B10:D10)
A11: 46204 | B11: =COUNTIFS(Tracker!$B$2:$B$1866,">="&$A11,Tracker!$B$2:$B$1866,"<"&EDATE($A11,1),Tracker!$H$2:$H$1866,"Compliant") | C11: =COUNTIFS(Tracker!$B$2:$B$1866,">="&$A11,Tracker!$B$2:$B$1866,"<"&EDATE($A11,1),Tracker!$H$2:$H$1866,"Minor Breach") | D11: =COUNTIFS(Tracker!$B$2:$B$1866,">="&$A11,Tracker!$B$2:$B$1866,"<"&EDATE($A11,1),Tracker!$H$2:$H$1866,"Major Breach") | E11: =SUM(B11:D11)
A12: 46235 | B12: =COUNTIFS(Tracker!$B$2:$B$1866,">="&$A12,Tracker!$B$2:$B$1866,"<"&EDATE($A12,1),Tracker!$H$2:$H$1866,"Compliant") | C12: =COUNTIFS(Tracker!$B$2:$B$1866,">="&$A12,Tracker!$B$2:$B$1866,"<"&EDATE($A12,1),Tracker!$H$2:$H$1866,"Minor Breach") | D12: =COUNTIFS(Tracker!$B$2:$B$1866,">="&$A12,Tracker!$B$2:$B$1866,"<"&EDATE($A12,1),Tracker!$H$2:$H$1866,"Major Breach") | E12: =SUM(B12:D12)
A13: 46266 | B13: =COUNTIFS(Tracker!$B$2:$B$1866,">="&$A13,Tracker!$B$2:$B$1866,"<"&EDATE($A13,1),Tracker!$H$2:$H$1866,"Compliant") | C13: =COUNTIFS(Tracker!$B$2:$B$1866,">="&$A13,Tracker!$B$2:$B$1866,"<"&EDATE($A13,1),Tracker!$H$2:$H$1866,"Minor Breach") | D13: =COUNTIFS(Tracker!$B$2:$B$1866,">="&$A13,Tracker!$B$2:$B$1866,"<"&EDATE($A13,1),Tracker!$H$2:$H$1866,"Major Breach") | E13: =SUM(B13:D13)
A15: NB officer names typed inconsistently - use Officer ID mapping in PLG Records for reporting.

Sheet Tracker
A1: Inspection ID | B1: Date | C1: Unit | D1: Town | E1: Officer | F1: Type | G1: Finding | H1: Outcome | I1: F/U due | J1: Closed | K1: Days to close | L1: Status
A2: INSP-2026-0001 | B2: 46023 | C2: U-BV219-01-09 | D2: Bayshore Vale | E2: D. Ong | F2: Routine | G2: NONE | H2: Compliant | K2: =IF(J2="","",J2-B2) | L2: =IF(H2="Compliant","N/A",IF(J2<>"","Closed",IF(I2<DATE(2026,9,30),"OVERDUE","Open")))
A3: INSP-2026-0002 | B3: 46023 | C3: U-RH455-01-21 | D3: Rimba Heights | E3: Ben Ho | F3: Routine | G3: DISPLAY_ENCROACH | H3: Minor Breach | I3: 46037 | J3: 46042 | K3: =IF(J3="","",J3-B3) | L3: =IF(H3="Compliant","N/A",IF(J3<>"","Closed",IF(I3<DATE(2026,9,30),"OVERDUE","Open")))
A4: INSP-2026-0003 | B4: 46023 | C4: U-BV229-01-09 | D4: Bayshore Vale | E4: Daniel O. | F4: Routine | G4: UNAUTH_TRADE | H4: Major Breach | I4: 46030 | J4: 46030 | K4: =IF(J4="","",J4-B4) | L4: =IF(H4="Compliant","N/A",IF(J4<>"","Closed",IF(I4<DATE(2026,9,30),"OVERDUE","Open")))
A5: INSP-2026-0004 | B5: 46024 | C5: U-ST528-01-13 | D5: Sungai Tinggi | E5: Ben Ho | F5: Routine | G5: NONE | H5: Compliant | K5: =IF(J5="","",J5-B5) | L5: =IF(H5="Compliant","N/A",IF(J5<>"","Closed",IF(I5<DATE(2026,9,30),"OVERDUE","Open")))
A6: INSP-2026-0005 | B6: 46024 | C6: U-KR333-01-01 | D6: Kebun Raya | E6: D. Ong | F6: Routine | G6: DISPLAY_ENCROACH | H6: Minor Breach | I6: 46038 | J6: 46037 | K6: =IF(J6="","",J6-B6) | L6: =IF(H6="Compliant","N/A",IF(J6<>"","Closed",IF(I6<DATE(2026,9,30),"OVERDUE","Open")))
A7: INSP-2026-0006 | B7: 46024 | C7: U-KR345-01-03 | D7: Kebun Raya | E7: B. Ho | F7: Complaint-driven | G7: NONE | H7: Compliant | K7: =IF(J7="","",J7-B7) | L7: =IF(H7="Compliant","N/A",IF(J7<>"","Closed",IF(I7<DATE(2026,9,30),"OVERDUE","Open")))
A8: INSP-2026-0007 | B8: 46024 | C8: U-ST579-01-02 | D8: Sungai Tinggi | E8: Daniel Ong | F8: Routine | G8: NONE | H8: Compliant | K8: =IF(J8="","",J8-B8) | L8: =IF(H8="Compliant","N/A",IF(J8<>"","Closed",IF(I8<DATE(2026,9,30),"OVERDUE","Open")))
A9: INSP-2026-0008 | B9: 46024 | C9: U-RH401-01-05 | D9: Rimba Heights | E9: D. Ong | F9: Routine | G9: NONE | H9: Compliant | K9: =IF(J9="","",J9-B9) | L9: =IF(H9="Compliant","N/A",IF(J9<>"","Closed",IF(I9<DATE(2026,9,30),"OVERDUE","Open")))
A10: INSP-2026-0009 | B10: 46024 | C10: U-BV297-02-06 | D10: Bayshore Vale | E10: M. Lim | F10: Routine | G10: HYGIENE | H10: Minor Breach | I10: 46038 | J10: 46047 | K10: =IF(J10="","",J10-B10) | L10: =IF(H10="Compliant","N/A",IF(J10<>"","Closed",IF(I10<DATE(2026,9,30),"OVERDUE","Open")))
A11: INSP-2026-0010 | B11: 46024 | C11: U-RH482-01-01 | D11: Rimba Heights | E11: Benjamin Ho | F11: Routine | G11: NONE | H11: Compliant | K11: =IF(J11="","",J11-B11) | L11: =IF(H11="Compliant","N/A",IF(J11<>"","Closed",IF(I11<DATE(2026,9,30),"OVERDUE","Open")))
A12: INSP-2026-0011 | B12: 46024 | C12: U-PI609-01-02 | D12: Pasir Indah | E12: Marcus Lim | F12: Follow-up | G12: NONE | H12: Compliant | K12: =IF(J12="","",J12-B12) | L12: =IF(H12="Compliant","N/A",IF(J12<>"","Closed",IF(I12<DATE(2026,9,30),"OVERDUE","Open")))
A13: INSP-2026-0012 | B13: 46025 | C13: U-RH428-01-04 | D13: Rimba Heights | E13: daniel ong | F13: Routine | G13: NONE | H13: Compliant | K13: =IF(J13="","",J13-B13) | L13: =IF(H13="Compliant","N/A",IF(J13<>"","Closed",IF(I13<DATE(2026,9,30),"OVERDUE","Open")))
A14: INSP-2026-0013 | B14: 46026 | C14: U-CD109-01-10 | D14: Cendana | E14: Daniel O. | F14: Follow-up | G14: NONE | H14: Compliant | K14: =IF(J14="","",J14-B14) | L14: =IF(H14="Compliant","N/A",IF(J14<>"","Closed",IF(I14<DATE(2026,9,30),"OVERDUE","Open")))
A15: INSP-2026-0014 | B15: 46026 | C15: U-CD136-01-06 | D15: Cendana | E15: Marcus Lim | F15: Routine | G15: NONE | H15: Compliant | K15: =IF(J15="","",J15-B15) | L15: =IF(H15="Compliant","N/A",IF(J15<>"","Closed",IF(I15<DATE(2026,9,30),"OVERDUE","Open")))
A16: INSP-2026-0015 | B16: 46026 | C16: U-BV290-01-06 | D16: Bayshore Vale | E16: M. Lim | F16: Routine | G16: NONE | H16: Compliant | K16: =IF(J16="","",J16-B16) | L16: =IF(H16="Compliant","N/A",IF(J16<>"","Closed",IF(I16<DATE(2026,9,30),"OVERDUE","Open")))
A17: INSP-2026-0016 | B17: 46026 | C17: U-KR310-01-07 | D17: Kebun Raya | E17: Daniel O. | F17: Routine | G17: NONE | H17: Compliant | K17: =IF(J17="","",J17-B17) | L17: =IF(H17="Compliant","N/A",IF(J17<>"","Closed",IF(I17<DATE(2026,9,30),"OVERDUE","Open")))
A18: INSP-2026-0017 | B18: 46026 | C18: U-PI625-01-05 | D18: Pasir Indah | E18: Daniel Ong | F18: Routine | G18: NONE | H18: Compliant | K18: =IF(J18="","",J18-B18) | L18: =IF(H18="Compliant","N/A",IF(J18<>"","Closed",IF(I18<DATE(2026,9,30),"OVERDUE","Open")))
A19: INSP-2026-0018 | B19: 46026 | C19: U-RH460-01-02 | D19: Rimba Heights | E19: daniel ong | F19: Complaint-driven | G19: NONE | H19: Compliant | K19: =IF(J19="","",J19-B19) | L19: =IF(H19="Compliant","N/A",IF(J19<>"","Closed",IF(I19<DATE(2026,9,30),"OVERDUE","Open")))
A20: INSP-2026-0019 | B20: 46026 | C20: U-RH460-01-05 | D20: Rimba Heights | E20: B. Ho | F20: Routine | G20: NONE | H20: Compliant | K20: =IF(J20="","",J20-B20) | L20: =IF(H20="Compliant","N/A",IF(J20<>"","Closed",IF(I20<DATE(2026,9,30),"OVERDUE","Open")))
A21: INSP-2026-0020 | B21: 46026 | C21: U-PI615-01-13 | D21: Pasir Indah | E21: daniel ong | F21: Routine | G21: NONE | H21: Compliant | K21: =IF(J21="","",J21-B21) | L21: =IF(H21="Compliant","N/A",IF(J21<>"","Closed",IF(I21<DATE(2026,9,30),"OVERDUE","Open")))
A22: INSP-2026-0021 | B22: 46027 | C22: U-BV256-01-11 | D22: Bayshore Vale | E22: marcus | F22: Routine | G22: NONE | H22: Compliant | K22: =IF(J22="","",J22-B22) | L22: =IF(H22="Compliant","N/A",IF(J22<>"","Closed",IF(I22<DATE(2026,9,30),"OVERDUE","Open")))
A23: INSP-2026-0022 | B23: 46027 | C23: U-PI668-01-11 | D23: Pasir Indah | E23: Marcus Lim | F23: Follow-up | G23: NONE | H23: Compliant | K23: =IF(J23="","",J23-B23) | L23: =IF(H23="Compliant","N/A",IF(J23<>"","Closed",IF(I23<DATE(2026,9,30),"OVERDUE","Open")))
A24: INSP-2026-0023 | B24: 46027 | C24: U-RH485-01-02 | D24: Rimba Heights | E24: Ben Ho | F24: Follow-up | G24: DISPLAY_ENCROACH | H24: Minor Breach | I24: 46041 | J24: 46043 | K24: =IF(J24="","",J24-B24) | L24: =IF(H24="Compliant","N/A",IF(J24<>"","Closed",IF(I24<DATE(2026,9,30),"OVERDUE","Open")))
A25: INSP-2026-0024 | B25: 46027 | C25: U-ST564-01-13 | D25: Sungai Tinggi | E25: B. Ho | F25: Follow-up | G25: NONE | H25: Compliant | K25: =IF(J25="","",J25-B25) | L25: =IF(H25="Compliant","N/A",IF(J25<>"","Closed",IF(I25<DATE(2026,9,30),"OVERDUE","Open")))
A26: INSP-2026-0025 | B26: 46027 | C26: U-RH401-01-06 | D26: Rimba Heights | E26: Daniel Ong | F26: Routine | G26: NONE | H26: Compliant | K26: =IF(J26="","",J26-B26) | L26: =IF(H26="Compliant","N/A",IF(J26<>"","Closed",IF(I26<DATE(2026,9,30),"OVERDUE","Open")))
A27: INSP-2026-0026 | B27: 46027 | C27: U-CD142-01-08 | D27: Cendana | E27: Marcus Lim | F27: Routine | G27: NONE | H27: Compliant | K27: =IF(J27="","",J27-B27) | L27: =IF(H27="Compliant","N/A",IF(J27<>"","Closed",IF(I27<DATE(2026,9,30),"OVERDUE","Open")))
A28: INSP-2026-0027 | B28: 46027 | C28: U-RH401-02-04 | D28: Rimba Heights | E28: B. Ho | F28: Routine | G28: NONE | H28: Compliant | K28: =IF(J28="","",J28-B28) | L28: =IF(H28="Compliant","N/A",IF(J28<>"","Closed",IF(I28<DATE(2026,9,30),"OVERDUE","Open")))
A29: INSP-2026-0028 | B29: 46028 | C29: U-BV205-01-11 | D29: Bayshore Vale | E29: M. Lim | F29: Routine | G29: NONE | H29: Compliant | K29: =IF(J29="","",J29-B29) | L29: =IF(H29="Compliant","N/A",IF(J29<>"","Closed",IF(I29<DATE(2026,9,30),"OVERDUE","Open")))
A30: INSP-2026-0029 | B30: 46028 | C30: U-CD120-01-02 | D30: Cendana | E30: daniel ong | F30: Routine | G30: UNAPPROVED_AA | H30: Minor Breach | I30: 46042 | J30: 46043 | K30: =IF(J30="","",J30-B30) | L30: =IF(H30="Compliant","N/A",IF(J30<>"","Closed",IF(I30<DATE(2026,9,30),"OVERDUE","Open")))
A31: INSP-2026-0030 | B31: 46028 | C31: U-PI646-01-05 | D31: Pasir Indah | E31: daniel ong | F31: Follow-up | G31: NONE | H31: Compliant | K31: =IF(J31="","",J31-B31) | L31: =IF(H31="Compliant","N/A",IF(J31<>"","Closed",IF(I31<DATE(2026,9,30),"OVERDUE","Open")))
A32: INSP-2026-0031 | B32: 46028 | C32: U-KR333-01-12 | D32: Kebun Raya | E32: D. Ong | F32: Complaint-driven | G32: NONE | H32: Compliant | K32: =IF(J32="","",J32-B32) | L32: =IF(H32="Compliant","N/A",IF(J32<>"","Closed",IF(I32<DATE(2026,9,30),"OVERDUE","Open")))
A33: INSP-2026-0032 | B33: 46028 | C33: U-ST513-01-09 | D33: Sungai Tinggi | E33: D. Ong | F33: Routine | G33: NONE | H33: Compliant | K33: =IF(J33="","",J33-B33) | L33: =IF(H33="Compliant","N/A",IF(J33<>"","Closed",IF(I33<DATE(2026,9,30),"OVERDUE","Open")))
A34: INSP-2026-0033 | B34: 46028 | C34: U-RH455-01-10 | D34: Rimba Heights | E34: Daniel O. | F34: Routine | G34: UNAUTH_TRADE | H34: Major Breach | I34: 46035 | J34: 46032 | K34: =IF(J34="","",J34-B34) | L34: =IF(H34="Compliant","N/A",IF(J34<>"","Closed",IF(I34<DATE(2026,9,30),"OVERDUE","Open")))
A35: INSP-2026-0034 | B35: 46028 | C35: U-PI646-01-03 | D35: Pasir Indah | E35: D. Ong | F35: Routine | G35: NONE | H35: Compliant | K35: =IF(J35="","",J35-B35) | L35: =IF(H35="Compliant","N/A",IF(J35<>"","Closed",IF(I35<DATE(2026,9,30),"OVERDUE","Open")))
A36: INSP-2026-0035 | B36: 46028 | C36: U-ST522-01-04 | D36: Sungai Tinggi | E36: daniel ong | F36: Routine | G36: DISPLAY_ENCROACH | H36: Minor Breach | I36: 46042 | K36: =IF(J36="","",J36-B36) | L36: =IF(H36="Compliant","N/A",IF(J36<>"","Closed",IF(I36<DATE(2026,9,30),"OVERDUE","Open")))
A37: INSP-2026-0036 | B37: 46029 | C37: U-RH482-01-04 | D37: Rimba Heights | E37: Daniel Ong | F37: Routine | G37: NONE | H37: Compliant | K37: =IF(J37="","",J37-B37) | L37: =IF(H37="Compliant","N/A",IF(J37<>"","Closed",IF(I37<DATE(2026,9,30),"OVERDUE","Open")))
A38: INSP-2026-0037 | B38: 46029 | C38: U-ST512-01-05 | D38: Sungai Tinggi | E38: Benjamin Ho | F38: Routine | G38: NONE | H38: Compliant | K38: =IF(J38="","",J38-B38) | L38: =IF(H38="Compliant","N/A",IF(J38<>"","Closed",IF(I38<DATE(2026,9,30),"OVERDUE","Open")))
A39: INSP-2026-0038 | B39: 46029 | C39: U-ST556-02-04 | D39: Sungai Tinggi | E39: Daniel Ong | F39: Follow-up | G39: NONE | H39: Compliant | K39: =IF(J39="","",J39-B39) | L39: =IF(H39="Compliant","N/A",IF(J39<>"","Closed",IF(I39<DATE(2026,9,30),"OVERDUE","Open")))
A40: INSP-2026-0039 | B40: 46029 | C40: U-PI693-01-11 | D40: Pasir Indah | E40: marcus | F40: Follow-up | G40: NONE | H40: Compliant | K40: =IF(J40="","",J40-B40) | L40: =IF(H40="Compliant","N/A",IF(J40<>"","Closed",IF(I40<DATE(2026,9,30),"OVERDUE","Open")))
A41: INSP-2026-0040 | B41: 46029 | C41: U-ST513-01-08 | D41: Sungai Tinggi | E41: Daniel O. | F41: Routine | G41: NONE | H41: Compliant | K41: =IF(J41="","",J41-B41) | L41: =IF(H41="Compliant","N/A",IF(J41<>"","Closed",IF(I41<DATE(2026,9,30),"OVERDUE","Open")))
A42: INSP-2026-0041 | B42: 46029 | C42: U-PI627-01-04 | D42: Pasir Indah | E42: Daniel Ong | F42: Follow-up | G42: NONE | H42: Compliant | K42: =IF(J42="","",J42-B42) | L42: =IF(H42="Compliant","N/A",IF(J42<>"","Closed",IF(I42<DATE(2026,9,30),"OVERDUE","Open")))
A43: INSP-2026-0042 | B43: 46029 | C43: U-CD173-02-02 | D43: Cendana | E43: Daniel Ong | F43: Routine | G43: NONE | H43: Compliant | K43: =IF(J43="","",J43-B43) | L43: =IF(H43="Compliant","N/A",IF(J43<>"","Closed",IF(I43<DATE(2026,9,30),"OVERDUE","Open")))
A44: INSP-2026-0043 | B44: 46029 | C44: U-CD142-01-04 | D44: Cendana | E44: daniel ong | F44: Follow-up | G44: NONE | H44: Compliant | K44: =IF(J44="","",J44-B44) | L44: =IF(H44="Compliant","N/A",IF(J44<>"","Closed",IF(I44<DATE(2026,9,30),"OVERDUE","Open")))
A45: INSP-2026-0044 | B45: 46029 | C45: U-KR369-01-03 | D45: Kebun Raya | E45: B. Ho | F45: Routine | G45: NONE | H45: Compliant | K45: =IF(J45="","",J45-B45) | L45: =IF(H45="Compliant","N/A",IF(J45<>"","Closed",IF(I45<DATE(2026,9,30),"OVERDUE","Open")))
A46: INSP-2026-0045 | B46: 46030 | C46: U-RH434-01-07 | D46: Rimba Heights | E46: Benjamin Ho | F46: Complaint-driven | G46: NONE | H46: Compliant | K46: =IF(J46="","",J46-B46) | L46: =IF(H46="Compliant","N/A",IF(J46<>"","Closed",IF(I46<DATE(2026,9,30),"OVERDUE","Open")))
A47: INSP-2026-0046 | B47: 46030 | C47: U-ST596-01-03 | D47: Sungai Tinggi | E47: D. Ong | F47: Follow-up | G47: NONE | H47: Compliant | K47: =IF(J47="","",J47-B47) | L47: =IF(H47="Compliant","N/A",IF(J47<>"","Closed",IF(I47<DATE(2026,9,30),"OVERDUE","Open")))
A48: INSP-2026-0047 | B48: 46030 | C48: U-PI670-01-05 | D48: Pasir Indah | E48: marcus | F48: Follow-up | G48: HYGIENE | H48: Minor Breach | I48: 46044 | J48: 46047 | K48: =IF(J48="","",J48-B48) | L48: =IF(H48="Compliant","N/A",IF(J48<>"","Closed",IF(I48<DATE(2026,9,30),"OVERDUE","Open")))
A49: INSP-2026-0048 | B49: 46030 | C49: U-PI675-02-07 | D49: Pasir Indah | E49: Marcus Lim | F49: Routine | G49: NONE | H49: Compliant | K49: =IF(J49="","",J49-B49) | L49: =IF(H49="Compliant","N/A",IF(J49<>"","Closed",IF(I49<DATE(2026,9,30),"OVERDUE","Open")))
A50: INSP-2026-0049 | B50: 46030 | C50: U-BV284-01-05 | D50: Bayshore Vale | E50: Daniel O. | F50: Complaint-driven | G50: UNAPPROVED_AA | H50: Minor Breach | I50: 46044 | J50: 46050 | K50: =IF(J50="","",J50-B50) | L50: =IF(H50="Compliant","N/A",IF(J50<>"","Closed",IF(I50<DATE(2026,9,30),"OVERDUE","Open")))
A51: INSP-2026-0050 | B51: 46030 | C51: U-CD153-01-04 | D51: Cendana | E51: Daniel Ong | F51: Routine | G51: UNAUTH_TRADE | H51: Major Breach | I51: 46037 | J51: 46033 | K51: =IF(J51="","",J51-B51) | L51: =IF(H51="Compliant","N/A",IF(J51<>"","Closed",IF(I51<DATE(2026,9,30),"OVERDUE","Open")))
A52: INSP-2026-0051 | B52: 46030 | C52: U-CD119-01-04 | D52: Cendana | E52: marcus | F52: Routine | G52: NONE | H52: Compliant | K52: =IF(J52="","",J52-B52) | L52: =IF(H52="Compliant","N/A",IF(J52<>"","Closed",IF(I52<DATE(2026,9,30),"OVERDUE","Open")))
A53: INSP-2026-0052 | B53: 46030 | C53: U-KR368-01-06 | D53: Kebun Raya | E53: Daniel Ong | F53: Routine | G53: DISPLAY_ENCROACH | H53: Minor Breach | I53: 46044 | J53: 46050 | K53: =IF(J53="","",J53-B53) | L53: =IF(H53="Compliant","N/A",IF(J53<>"","Closed",IF(I53<DATE(2026,9,30),"OVERDUE","Open")))
A54: INSP-2026-0053 | B54: 46031 | C54: U-CD143-01-07 | D54: Cendana | E54: marcus | F54: Routine | G54: NONE | H54: Compliant | K54: =IF(J54="","",J54-B54) | L54: =IF(H54="Compliant","N/A",IF(J54<>"","Closed",IF(I54<DATE(2026,9,30),"OVERDUE","Open")))
A55: INSP-2026-0054 | B55: 46031 | C55: U-KR330-01-01 | D55: Kebun Raya | E55: D. Ong | F55: Complaint-driven | G55: UNAPPROVED_AA | H55: Minor Breach | I55: 46045 | K55: =IF(J55="","",J55-B55) | L55: =IF(H55="Compliant","N/A",IF(J55<>"","Closed",IF(I55<DATE(2026,9,30),"OVERDUE","Open")))
A56: INSP-2026-0055 | B56: 46031 | C56: U-CD118-01-18 | D56: Cendana | E56: Daniel Ong | F56: Routine | G56: FIRE_SAFETY | H56: Major Breach | I56: 46038 | J56: 46043 | K56: =IF(J56="","",J56-B56) | L56: =IF(H56="Compliant","N/A",IF(J56<>"","Closed",IF(I56<DATE(2026,9,30),"OVERDUE","Open")))
A57: INSP-2026-0056 | B57: 46031 | C57: U-ST537-01-01 | D57: Sungai Tinggi | E57: Daniel O. | F57: Routine | G57: NONE | H57: Compliant | K57: =IF(J57="","",J57-B57) | L57: =IF(H57="Compliant","N/A",IF(J57<>"","Closed",IF(I57<DATE(2026,9,30),"OVERDUE","Open")))
A58: INSP-2026-0057 | B58: 46031 | C58: U-KR386-01-02 | D58: Kebun Raya | E58: B. Ho | F58: Follow-up | G58: HYGIENE | H58: Minor Breach | I58: 46045 | J58: 46045 | K58: =IF(J58="","",J58-B58) | L58: =IF(H58="Compliant","N/A",IF(J58<>"","Closed",IF(I58<DATE(2026,9,30),"OVERDUE","Open")))
A59: INSP-2026-0058 | B59: 46031 | C59: U-BV233-01-01 | D59: Bayshore Vale | E59: M. Lim | F59: Routine | G59: NONE | H59: Compliant | K59: =IF(J59="","",J59-B59) | L59: =IF(H59="Compliant","N/A",IF(J59<>"","Closed",IF(I59<DATE(2026,9,30),"OVERDUE","Open")))
A60: INSP-2026-0059 | B60: 46032 | C60: U-RH460-01-01 | D60: Rimba Heights | E60: Daniel Ong | F60: Routine | G60: UNAPPROVED_AA | H60: Minor Breach | I60: 46046 | J60: 46041 | K60: =IF(J60="","",J60-B60) | L60: =IF(H60="Compliant","N/A",IF(J60<>"","Closed",IF(I60<DATE(2026,9,30),"OVERDUE","Open")))
A61: INSP-2026-0060 | B61: 46032 | C61: U-CD189-01-04 | D61: Cendana | E61: daniel ong | F61: Routine | G61: NONE | H61: Compliant | K61: =IF(J61="","",J61-B61) | L61: =IF(H61="Compliant","N/A",IF(J61<>"","Closed",IF(I61<DATE(2026,9,30),"OVERDUE","Open")))
A62: INSP-2026-0061 | B62: 46032 | C62: U-PI679-01-07 | D62: Pasir Indah | E62: daniel ong | F62: Complaint-driven | G62: NONE | H62: Compliant | K62: =IF(J62="","",J62-B62) | L62: =IF(H62="Compliant","N/A",IF(J62<>"","Closed",IF(I62<DATE(2026,9,30),"OVERDUE","Open")))
A63: INSP-2026-0062 | B63: 46032 | C63: U-BV229-01-11 | D63: Bayshore Vale | E63: D. Ong | F63: Routine | G63: NONE | H63: Compliant | K63: =IF(J63="","",J63-B63) | L63: =IF(H63="Compliant","N/A",IF(J63<>"","Closed",IF(I63<DATE(2026,9,30),"OVERDUE","Open")))
A64: INSP-2026-0063 | B64: 46032 | C64: U-CD118-01-07 | D64: Cendana | E64: M. Lim | F64: Routine | G64: NONE | H64: Compliant | K64: =IF(J64="","",J64-B64) | L64: =IF(H64="Compliant","N/A",IF(J64<>"","Closed",IF(I64<DATE(2026,9,30),"OVERDUE","Open")))
A65: INSP-2026-0064 | B65: 46032 | C65: U-KR368-01-05 | D65: Kebun Raya | E65: Ben Ho | F65: Routine | G65: NONE | H65: Compliant | K65: =IF(J65="","",J65-B65) | L65: =IF(H65="Compliant","N/A",IF(J65<>"","Closed",IF(I65<DATE(2026,9,30),"OVERDUE","Open")))
A66: INSP-2026-0065 | B66: 46032 | C66: U-RH471-01-04 | D66: Rimba Heights | E66: Benjamin Ho | F66: Routine | G66: NONE | H66: Compliant | K66: =IF(J66="","",J66-B66) | L66: =IF(H66="Compliant","N/A",IF(J66<>"","Closed",IF(I66<DATE(2026,9,30),"OVERDUE","Open")))
A67: INSP-2026-0066 | B67: 46032 | C67: U-PI642-01-08 | D67: Pasir Indah | E67: Daniel Ong | F67: Routine | G67: NONE | H67: Compliant | K67: =IF(J67="","",J67-B67) | L67: =IF(H67="Compliant","N/A",IF(J67<>"","Closed",IF(I67<DATE(2026,9,30),"OVERDUE","Open")))
A68: INSP-2026-0067 | B68: 46032 | C68: U-CD105-01-11 | D68: Cendana | E68: marcus | F68: Routine | G68: NONE | H68: Compliant | K68: =IF(J68="","",J68-B68) | L68: =IF(H68="Compliant","N/A",IF(J68<>"","Closed",IF(I68<DATE(2026,9,30),"OVERDUE","Open")))
A69: INSP-2026-0068 | B69: 46033 | C69: U-RH420-01-04 | D69: Rimba Heights | E69: Benjamin Ho | F69: Complaint-driven | G69: NONE | H69: Compliant | K69: =IF(J69="","",J69-B69) | L69: =IF(H69="Compliant","N/A",IF(J69<>"","Closed",IF(I69<DATE(2026,9,30),"OVERDUE","Open")))
A70: INSP-2026-0069 | B70: 46033 | C70: U-BV230-01-01 | D70: Bayshore Vale | E70: D. Ong | F70: Complaint-driven | G70: NONE | H70: Compliant | K70: =IF(J70="","",J70-B70) | L70: =IF(H70="Compliant","N/A",IF(J70<>"","Closed",IF(I70<DATE(2026,9,30),"OVERDUE","Open")))
A71: INSP-2026-0070 | B71: 46033 | C71: U-RH434-01-01 | D71: Rimba Heights | E71: Daniel O. | F71: Routine | G71: DISPLAY_ENCROACH | H71: Minor Breach | I71: 46047 | K71: =IF(J71="","",J71-B71) | L71: =IF(H71="Compliant","N/A",IF(J71<>"","Closed",IF(I71<DATE(2026,9,30),"OVERDUE","Open")))
A72: INSP-2026-0071 | B72: 46033 | C72: U-RH464-01-02 | D72: Rimba Heights | E72: B. Ho | F72: Routine | G72: NONE | H72: Compliant | K72: =IF(J72="","",J72-B72) | L72: =IF(H72="Compliant","N/A",IF(J72<>"","Closed",IF(I72<DATE(2026,9,30),"OVERDUE","Open")))
A73: INSP-2026-0072 | B73: 46033 | C73: U-RH491-02-08 | D73: Rimba Heights | E73: B. Ho | F73: Routine | G73: UNAPPROVED_AA | H73: Minor Breach | I73: 46047 | J73: 46050 | K73: =IF(J73="","",J73-B73) | L73: =IF(H73="Compliant","N/A",IF(J73<>"","Closed",IF(I73<DATE(2026,9,30),"OVERDUE","Open")))
A74: INSP-2026-0073 | B74: 46033 | C74: U-PI614-01-08 | D74: Pasir Indah | E74: daniel ong | F74: Routine | G74: UNAUTH_TRADE | H74: Major Breach | I74: 46040 | J74: 46035 | K74: =IF(J74="","",J74-B74) | L74: =IF(H74="Compliant","N/A",IF(J74<>"","Closed",IF(I74<DATE(2026,9,30),"OVERDUE","Open")))
A75: INSP-2026-0074 | B75: 46034 | C75: U-CD109-01-08 | D75: Cendana | E75: Daniel O. | F75: Routine | G75: FIRE_SAFETY | H75: Major Breach | I75: 46041 | J75: 46048 | K75: =IF(J75="","",J75-B75) | L75: =IF(H75="Compliant","N/A",IF(J75<>"","Closed",IF(I75<DATE(2026,9,30),"OVERDUE","Open")))
A76: INSP-2026-0075 | B76: 46034 | C76: U-CD165-01-04 | D76: Cendana | E76: D. Ong | F76: Routine | G76: NONE | H76: Compliant | K76: =IF(J76="","",J76-B76) | L76: =IF(H76="Compliant","N/A",IF(J76<>"","Closed",IF(I76<DATE(2026,9,30),"OVERDUE","Open")))
A77: INSP-2026-0076 | B77: 46034 | C77: U-CD174-01-01 | D77: Cendana | E77: Marcus Lim | F77: Complaint-driven | G77: DISPLAY_ENCROACH | H77: Minor Breach | I77: 46048 | J77: 46045 | K77: =IF(J77="","",J77-B77) | L77: =IF(H77="Compliant","N/A",IF(J77<>"","Closed",IF(I77<DATE(2026,9,30),"OVERDUE","Open")))
A78: INSP-2026-0077 | B78: 46034 | C78: U-RH485-01-01 | D78: Rimba Heights | E78: D. Ong | F78: Routine | G78: FIRE_SAFETY | H78: Major Breach | I78: 46041 | K78: =IF(J78="","",J78-B78) | L78: =IF(H78="Compliant","N/A",IF(J78<>"","Closed",IF(I78<DATE(2026,9,30),"OVERDUE","Open")))
A79: INSP-2026-0078 | B79: 46034 | C79: U-ST501-01-06 | D79: Sungai Tinggi | E79: daniel ong | F79: Routine | G79: NONE | H79: Compliant | K79: =IF(J79="","",J79-B79) | L79: =IF(H79="Compliant","N/A",IF(J79<>"","Closed",IF(I79<DATE(2026,9,30),"OVERDUE","Open")))
A80: INSP-2026-0079 | B80: 46034 | C80: U-RH456-01-07 | D80: Rimba Heights | E80: Ben Ho | F80: Routine | G80: NONE | H80: Compliant | K80: =IF(J80="","",J80-B80) | L80: =IF(H80="Compliant","N/A",IF(J80<>"","Closed",IF(I80<DATE(2026,9,30),"OVERDUE","Open")))
A81: INSP-2026-0080 | B81: 46034 | C81: U-CD160-01-05 | D81: Cendana | E81: Marcus Lim | F81: Routine | G81: NONE | H81: Compliant | K81: =IF(J81="","",J81-B81) | L81: =IF(H81="Compliant","N/A",IF(J81<>"","Closed",IF(I81<DATE(2026,9,30),"OVERDUE","Open")))
A82: INSP-2026-0081 | B82: 46034 | C82: U-PI627-01-31 | D82: Pasir Indah | E82: Marcus Lim | F82: Routine | G82: NONE | H82: Compliant | K82: =IF(J82="","",J82-B82) | L82: =IF(H82="Compliant","N/A",IF(J82<>"","Closed",IF(I82<DATE(2026,9,30),"OVERDUE","Open")))
A83: INSP-2026-0082 | B83: 46034 | C83: U-KR317-01-01 | D83: Kebun Raya | E83: Ben Ho | F83: Routine | G83: UNAPPROVED_AA | H83: Minor Breach | I83: 46048 | J83: 46051 | K83: =IF(J83="","",J83-B83) | L83: =IF(H83="Compliant","N/A",IF(J83<>"","Closed",IF(I83<DATE(2026,9,30),"OVERDUE","Open")))
A84: INSP-2026-0083 | B84: 46034 | C84: U-CD133-01-10 | D84: Cendana | E84: Daniel Ong | F84: Routine | G84: NONE | H84: Compliant | K84: =IF(J84="","",J84-B84) | L84: =IF(H84="Compliant","N/A",IF(J84<>"","Closed",IF(I84<DATE(2026,9,30),"OVERDUE","Open")))
A85: INSP-2026-0084 | B85: 46034 | C85: U-ST501-01-14 | D85: Sungai Tinggi | E85: Ben Ho | F85: Routine | G85: NONE | H85: Compliant | K85: =IF(J85="","",J85-B85) | L85: =IF(H85="Compliant","N/A",IF(J85<>"","Closed",IF(I85<DATE(2026,9,30),"OVERDUE","Open")))
A86: INSP-2026-0085 | B86: 46034 | C86: U-CD152-01-12 | D86: Cendana | E86: daniel ong | F86: Routine | G86: NONE | H86: Compliant | K86: =IF(J86="","",J86-B86) | L86: =IF(H86="Compliant","N/A",IF(J86<>"","Closed",IF(I86<DATE(2026,9,30),"OVERDUE","Open")))
A87: INSP-2026-0086 | B87: 46034 | C87: U-CD170-02-07 | D87: Cendana | E87: Daniel Ong | F87: Complaint-driven | G87: NONE | H87: Compliant | K87: =IF(J87="","",J87-B87) | L87: =IF(H87="Compliant","N/A",IF(J87<>"","Closed",IF(I87<DATE(2026,9,30),"OVERDUE","Open")))
A88: INSP-2026-0087 | B88: 46035 | C88: U-PI678-01-03 | D88: Pasir Indah | E88: Daniel Ong | F88: Routine | G88: NONE | H88: Compliant | K88: =IF(J88="","",J88-B88) | L88: =IF(H88="Compliant","N/A",IF(J88<>"","Closed",IF(I88<DATE(2026,9,30),"OVERDUE","Open")))
A89: INSP-2026-0088 | B89: 46035 | C89: U-CD185-01-05 | D89: Cendana | E89: D. Ong | F89: Routine | G89: NONE | H89: Compliant | K89: =IF(J89="","",J89-B89) | L89: =IF(H89="Compliant","N/A",IF(J89<>"","Closed",IF(I89<DATE(2026,9,30),"OVERDUE","Open")))
A90: INSP-2026-0089 | B90: 46035 | C90: U-RH441-01-06 | D90: Rimba Heights | E90: B. Ho | F90: Complaint-driven | G90: NONE | H90: Compliant | K90: =IF(J90="","",J90-B90) | L90: =IF(H90="Compliant","N/A",IF(J90<>"","Closed",IF(I90<DATE(2026,9,30),"OVERDUE","Open")))
A91: INSP-2026-0090 | B91: 46035 | C91: U-ST566-01-03 | D91: Sungai Tinggi | E91: daniel ong | F91: Routine | G91: NONE | H91: Compliant | K91: =IF(J91="","",J91-B91) | L91: =IF(H91="Compliant","N/A",IF(J91<>"","Closed",IF(I91<DATE(2026,9,30),"OVERDUE","Open")))
A92: INSP-2026-0091 | B92: 46035 | C92: U-BV215-01-14 | D92: Bayshore Vale | E92: D. Ong | F92: Follow-up | G92: DISPLAY_ENCROACH | H92: Minor Breach | I92: 46049 | J92: 46047 | K92: =IF(J92="","",J92-B92) | L92: =IF(H92="Compliant","N/A",IF(J92<>"","Closed",IF(I92<DATE(2026,9,30),"OVERDUE","Open")))
A93: INSP-2026-0092 | B93: 46035 | C93: U-KR345-01-08 | D93: Kebun Raya | E93: Daniel O. | F93: Routine | G93: UNAPPROVED_AA | H93: Minor Breach | I93: 46049 | J93: 46055 | K93: =IF(J93="","",J93-B93) | L93: =IF(H93="Compliant","N/A",IF(J93<>"","Closed",IF(I93<DATE(2026,9,30),"OVERDUE","Open")))
A94: INSP-2026-0093 | B94: 46035 | C94: U-RH438-02-05 | D94: Rimba Heights | E94: Daniel O. | F94: Routine | G94: NONE | H94: Compliant | K94: =IF(J94="","",J94-B94) | L94: =IF(H94="Compliant","N/A",IF(J94<>"","Closed",IF(I94<DATE(2026,9,30),"OVERDUE","Open")))
A95: INSP-2026-0094 | B95: 46035 | C95: U-BV237-01-08 | D95: Bayshore Vale | E95: Daniel Ong | F95: Routine | G95: NONE | H95: Compliant | K95: =IF(J95="","",J95-B95) | L95: =IF(H95="Compliant","N/A",IF(J95<>"","Closed",IF(I95<DATE(2026,9,30),"OVERDUE","Open")))
A96: INSP-2026-0095 | B96: 46035 | C96: U-ST589-01-07 | D96: Sungai Tinggi | E96: D. Ong | F96: Follow-up | G96: NONE | H96: Compliant | K96: =IF(J96="","",J96-B96) | L96: =IF(H96="Compliant","N/A",IF(J96<>"","Closed",IF(I96<DATE(2026,9,30),"OVERDUE","Open")))
A97: INSP-2026-0096 | B97: 46035 | C97: U-CD129-01-01 | D97: Cendana | E97: Daniel Ong | F97: Routine | G97: UNAUTH_SUBLET | H97: Major Breach | I97: 46042 | J97: 46047 | K97: =IF(J97="","",J97-B97) | L97: =IF(H97="Compliant","N/A",IF(J97<>"","Closed",IF(I97<DATE(2026,9,30),"OVERDUE","Open")))
A98: INSP-2026-0097 | B98: 46035 | C98: U-ST566-01-04 | D98: Sungai Tinggi | E98: Benjamin Ho | F98: Routine | G98: NONE | H98: Compliant | K98: =IF(J98="","",J98-B98) | L98: =IF(H98="Compliant","N/A",IF(J98<>"","Closed",IF(I98<DATE(2026,9,30),"OVERDUE","Open")))
A99: INSP-2026-0098 | B99: 46035 | C99: U-ST512-01-02 | D99: Sungai Tinggi | E99: Daniel O. | F99: Routine | G99: NONE | H99: Compliant | K99: =IF(J99="","",J99-B99) | L99: =IF(H99="Compliant","N/A",IF(J99<>"","Closed",IF(I99<DATE(2026,9,30),"OVERDUE","Open")))
A100: INSP-2026-0099 | B100: 46035 | C100: U-RH464-01-05 | D100: Rimba Heights | E100: B. Ho | F100: Follow-up | G100: DISPLAY_ENCROACH | H100: Minor Breach | I100: 46049 | J100: 46051 | K100: =IF(J100="","",J100-B100) | L100: =IF(H100="Compliant","N/A",IF(J100<>"","Closed",IF(I100<DATE(2026,9,30),"OVERDUE","Open")))
...
