Workbook

Sheet Rent Roll
A1: Tenancy ID | B1: Unit ID | C1: Tenant | D1: Trade | E1: Start | F1: End | G1: Monthly rent | H1: Town (lookup) | I1: Area sqm (lookup) | J1: Rent psm | K1: Annual rent | L1: Deposit held
A2: TA-2023-00002 | B2: U-BV212-01-11 | C2: Nanyang Mart | D2: Minimart | E2: 45200 | F2: 46295 | G2: 5110 | H2: =VLOOKUP(B2,Units!$A$2:$G$1646,2,FALSE) | I2: =VLOOKUP(B2,Units!$A$2:$G$1646,5,FALSE) | J2: =G2/I2 | K2: =G2*12 | L2: 15330
A3: TA-2023-00003 | B3: U-BV215-01-02 | C3: PrimeValue Mart Pte Ltd | D3: Minimart | E3: 45200 | F3: 46295 | G3: 4530 | H3: =VLOOKUP(B3,Units!$A$2:$G$1646,2,FALSE) | I3: =VLOOKUP(B3,Units!$A$2:$G$1646,5,FALSE) | J3: =G3/I3 | K3: =G3*12 | L3: 13590
A4: TA-2023-00005 | B4: U-BV229-01-05 | C4: Hometown Minimart Pte Ltd | D4: Minimart | E4: 45200 | F4: 46295 | G4: 3290 | H4: =VLOOKUP(B4,Units!$A$2:$G$1646,2,FALSE) | I4: =VLOOKUP(B4,Units!$A$2:$G$1646,5,FALSE) | J4: =G4/I4 | K4: =G4*12 | L4: 9870
A5: TA-2023-00006 | B5: U-BV229-02-01 | C5: Barakah Tuition Centre | D5: Tuition Centre | E5: 45200 | F5: 46295 | G5: 3150 | H5: =VLOOKUP(B5,Units!$A$2:$G$1646,2,FALSE) | I5: =VLOOKUP(B5,Units!$A$2:$G$1646,5,FALSE) | J5: =G5/I5 | K5: =G5*12 | L5: 9450
A6: TA-2023-00007 | B6: U-BV279-01-07 | C6: Amanah Fruit Trading | D6: Fruit Shop | E6: 45200 | F6: 46295 | G6: 6320 | H6: =VLOOKUP(B6,Units!$A$2:$G$1646,2,FALSE) | I6: =VLOOKUP(B6,Units!$A$2:$G$1646,5,FALSE) | J6: =G6/I6 | K6: =G6*12 | L6: 18960
A7: TA-2023-00008 | B7: U-BV283-01-07 | C7: Mutiara Clinic & Surgery | D7: GP Clinic | E7: 45200 | F7: 46295 | G7: 4150 | H7: =VLOOKUP(B7,Units!$A$2:$G$1646,2,FALSE) | I7: =VLOOKUP(B7,Units!$A$2:$G$1646,5,FALSE) | J7: =G7/I7 | K7: =G7*12 | L7: 12450
A8: TA-2023-00009 | B8: U-BV290-01-12 | C8: Tian Fu Learning Centre | D8: Tuition Centre | E8: 45200 | F8: 46295 | G8: 5040 | H8: =VLOOKUP(B8,Units!$A$2:$G$1646,2,FALSE) | I8: =VLOOKUP(B8,Units!$A$2:$G$1646,5,FALSE) | J8: =G8/I8 | K8: =G8*12 | L8: 15120
A9: TA-2023-00011 | B9: U-CD109-01-01 | C9: Little Sprouts Kopitiam Pte Ltd | D9: Coffeeshop | E9: 45200 | F9: 46295 | G9: 10760 | H9: =VLOOKUP(B9,Units!$A$2:$G$1646,2,FALSE) | I9: =VLOOKUP(B9,Units!$A$2:$G$1646,5,FALSE) | J9: =G9/I9 | K9: =G9*12 | L9: 32280
A10: TA-2023-00013 | B10: U-CD109-01-06 | C10: Old Town Mart Pte Ltd | D10: Minimart | E10: 45200 | F10: 46295 | G10: 4490 | H10: =VLOOKUP(B10,Units!$A$2:$G$1646,2,FALSE) | I10: =VLOOKUP(B10,Units!$A$2:$G$1646,5,FALSE) | J10: =G10/I10 | K10: =G10*12 | L10: 13470
A11: TA-2023-00014 | B11: U-CD118-01-12 | C11: Everbright Bookstore | D11: Stationery & Books | E11: 45200 | F11: 46295 | G11: 3960 | H11: =VLOOKUP(B11,Units!$A$2:$G$1646,2,FALSE) | I11: =VLOOKUP(B11,Units!$A$2:$G$1646,5,FALSE) | J11: =G11/I11 | K11: =G11*12 | L11: 11880
A12: TA-2023-00015 | B12: U-CD118-01-14 | C12: Evergreen Cake House | D12: Bakery & Confectionery | E12: 45200 | F12: 46295 | G12: 5380 | H12: =VLOOKUP(B12,Units!$A$2:$G$1646,2,FALSE) | I12: =VLOOKUP(B12,Units!$A$2:$G$1646,5,FALSE) | J12: =G12/I12 | K12: =G12*12 | L12: 16140
A13: TA-2023-00016 | B13: U-KR305-01-30 | C13: Peng Kee Tuition Centre Pte Ltd | D13: Tuition Centre | E13: 45200 | F13: 46295 | G13: 4460 | H13: =VLOOKUP(B13,Units!$A$2:$G$1646,2,FALSE) | I13: =VLOOKUP(B13,Units!$A$2:$G$1646,5,FALSE) | J13: =G13/I13 | K13: =G13*12 | L13: 13380
... A1588: TA-2026-00613 | B1588: U-ST564-01-11 | C1588: PrimeValue Mart Pte Ltd | D1588: Minimart | E1588: 46266 | F1588: 47361 | G1588: 3570 | H1588: =VLOOKUP(B1588,Units!$A$2:$G$1646,2,FALSE) | I1588: =VLOOKUP(B1588,Units!$A$2:$G$1646,5,FALSE) | J1588: =G1588/I1588 | K1588: =G1588*12 | L1588: 10710

Sheet By Town
A1: RENT ROLL FY2026 - SUMMARY BY TOWN
A2: Active tenancies as at 30 Sep 2026
A4: Town | B4: Active tenancies | C4: Monthly rent | D4: Annual rent
A5: Bayshore Vale | B5: =COUNTIF('Rent Roll'!H2:H1588,A5) | C5: =SUMIF('Rent Roll'!H2:H1588,A5,'Rent Roll'!G2:G1588) | D5: =C5*12
A6: Cendana | B6: =COUNTIF('Rent Roll'!H2:H1588,A6) | C6: =SUMIF('Rent Roll'!H2:H1588,A6,'Rent Roll'!G2:G1588) | D6: =C6*12
A7: Kebun Raya | B7: =COUNTIF('Rent Roll'!H2:H1588,A7) | C7: =SUMIF('Rent Roll'!H2:H1588,A7,'Rent Roll'!G2:G1588) | D7: =C7*12
A8: Rimba Heights | B8: =COUNTIF('Rent Roll'!H2:H1588,A8) | C8: =SUMIF('Rent Roll'!H2:H1588,A8,'Rent Roll'!G2:G1588) | D8: =C8*12
A9: Sungai Tinggi | B9: =COUNTIF('Rent Roll'!H2:H1588,A9) | C9: =SUMIF('Rent Roll'!H2:H1588,A9,'Rent Roll'!G2:G1588) | D9: =C9*12
A10: Pasir Indah | B10: =COUNTIF('Rent Roll'!H2:H1588,A10) | C10: =SUMIF('Rent Roll'!H2:H1588,A10,'Rent Roll'!G2:G1588) | D10: =C10*12
A11: Total | B11: =SUM(B5:B10) | C11: =SUM(C5:C10) | D11: =SUM(D5:D10)

Sheet Units
A1: Unit ID | B1: Town | C1: Address | D1: Unit type | E1: Floor area (sqm) | F1: NC | G1: Status
A2: U-BV204-01-01 | B2: Bayshore Vale | C2: Blk 204 Bayshore Vale Drive #01-01 Singapura 460204 | D2: Eating House | E2: 309 | F2: NC-BV-3 | G2: Tenanted
A3: U-BV204-01-02 | B3: Bayshore Vale | C3: Blk 204 Bayshore Vale Drive #01-02 Singapura 460204 | D3: Shop | E3: 104.3 | F3: NC-BV-3 | G3: Tenanted
A4: U-BV204-01-03 | B4: Bayshore Vale | C4: Blk 204 Bayshore Vale Drive #01-03 Singapura 460204 | D4: Kiosk | E4: 10.2 | F4: NC-BV-3 | G4: Tenanted
A5: U-BV204-01-04 | B5: Bayshore Vale | C5: Blk 204 Bayshore Vale Drive #01-04 Singapura 460204 | D5: Shop | E5: 113.4 | F5: NC-BV-3 | G5: Tenanted
A6: U-BV204-01-05 | B6: Bayshore Vale | C6: Blk 204 Bayshore Vale Drive #01-05 Singapura 460204 | D6: Shop | E6: 50.7 | F6: NC-BV-3 | G6: Tenanted
A7: U-BV204-01-06 | B7: Bayshore Vale | C7: Blk 204 Bayshore Vale Drive #01-06 Singapura 460204 | D7: Shop | E7: 82.5 | F7: NC-BV-3 | G7: Tenanted
A8: U-BV204-01-07 | B8: Bayshore Vale | C8: Blk 204 Bayshore Vale Drive #01-07 Singapura 460204 | D8: Shop | E8: 65.4 | F8: NC-BV-3 | G8: Tenanted
A9: U-BV205-01-01 | B9: Bayshore Vale | C9: Blk 205 Bayshore Vale Street 21 #01-01 Singapura 460205 | D9: Eating House | E9: 285.8 | F9: NC-BV-2 | G9: Tenanted
A10: U-BV205-01-02 | B10: Bayshore Vale | C10: Blk 205 Bayshore Vale Street 21 #01-02 Singapura 460205 | D10: Kiosk | E10: 10.5 | F10: NC-BV-2 | G10: Tenanted
A11: U-BV205-01-03 | B11: Bayshore Vale | C11: Blk 205 Bayshore Vale Street 21 #01-03 Singapura 460205 | D11: Shop with Living Quarters | E11: 87.4 | F11: NC-BV-2 | G11: Tenanted
A12: U-BV205-01-04 | B12: Bayshore Vale | C12: Blk 205 Bayshore Vale Street 21 #01-04 Singapura 460205 | D12: Office | E12: 97.5 | F12: NC-BV-2 | G12: Tenanted
A13: U-BV205-01-05 | B13: Bayshore Vale | C13: Blk 205 Bayshore Vale Street 21 #01-05 Singapura 460205 | D13: Shop | E13: 59.8 | F13: NC-BV-2 | G13: Tenanted
... A1646: U-PI696-01-11 | B1646: Pasir Indah | C1646: Blk 696 Jalan Pasir Indah #01-11 Singapura 510696 | D1646: Shop | E1646: 52.4 | F1646: NC-PI-1 | G1646: Tenanted
